{"cameraMode":{"drawMode":0,"name":"Shaded","section":"Shading Mode"},"sceneLighting":false,"audioPlay":false,"sceneViewState":{"showFog":true,"showMaterialUpdate":false,"showSkybox":false,"showFlares":true,"showImageEffects":true,"showParticleSystems":true},"in2DMode":false,"pivot":{"x":3.555000066757202,"y":0.5718153715133667,"z":-1.931032419204712},"rotation":{"x":0.14877058565616609,"y":-0.03082050383090973,"z":0.004665984306484461,"w":0.9883805513381958},"size":1.5521788597106934,"orthographic":true}