{"cameraMode":{"drawMode":0,"name":"Shaded","section":"Shading Mode"},"sceneLighting":true,"audioPlay":false,"sceneViewState":{"showFog":true,"showMaterialUpdate":false,"showSkybox":true,"showFlares":true,"showImageEffects":true,"showParticleSystems":true},"in2DMode":false,"pivot":{"x":-4.747241973876953,"y":3.4695253372192385,"z":-1.0549252033233643},"rotation":{"x":0.4031088352203369,"y":0.0003164552035741508,"z":-0.0000868231727508828,"w":0.915189266204834},"size":31.12567710876465,"orthographic":true}